{"cameraMode":{"drawMode":0,"name":"Shaded","section":"Shading Mode"},"sceneLighting":false,"audioPlay":false,"sceneViewState":{"showFog":false,"showMaterialUpdate":false,"showSkybox":false,"showFlares":false,"showImageEffects":false,"showParticleSystems":false},"in2DMode":false,"pivot":{"x":3.799999952316284,"y":1.0099999904632569,"z":-0.7699999809265137},"rotation":{"x":0.389539897441864,"y":-0.17784549295902253,"z":0.07694516330957413,"w":0.9004179835319519},"size":0.3427339792251587,"orthographic":false}