{"cameraMode":{"drawMode":0,"name":"Shaded","section":"Shading Mode"},"sceneLighting":true,"audioPlay":false,"sceneViewState":{"showFog":false,"showMaterialUpdate":false,"showSkybox":false,"showFlares":false,"showImageEffects":false,"showParticleSystems":false},"in2DMode":false,"pivot":{"x":71.09320831298828,"y":152.06312561035157,"z":-20.66473388671875},"rotation":{"x":-0.2575347423553467,"y":-0.3432057201862335,"z":0.0984155684709549,"w":-0.8979108929634094},"size":38.47789764404297,"orthographic":false}